{"statistics":{"type":"item","name":"statistics","icon":"icon-gauge","menu":"statistics","url":"statistics"},"users":{"type":"item","name":"users","icon":"icon-users-3","menu":"users","url":"users"},"mailing":{"type":"item","name":"mailing","icon":"icon-mail-4","menu":"mailing","url":"mailing"},"moderators":{"type":"rolled","nameItem":"moderators","icon":"icon-users-2","name":"moderators","items":[{"name":"list","menu":"moderatorslist","url":"moderators-list"},{"name":"add","menu":"moderatorsadd","url":"moderators-add"},{"name":"moderators_permissions","menu":"moderatorspermissions","url":"moderators-permissions"}]},"languages":{"type":"rolled","nameItem":"languages","icon":"icon-language-1","name":"languages","items":[{"name":"list","menu":"languageslist","url":"languages-list"},{"name":"add","menu":"languagesadd","url":"languages-add"}]},"contacts":{"type":"rolled","nameItem":"contacts","icon":"icon-book","name":"contacts","items":[{"name":"contacts_general","menu":"contactsgeneral","url":"contacts-general"},{"name":"contacts_access","menu":"contactsaccess","url":"contacts-access"},{"name":"contacts_advertising","menu":"contactsadvertising","url":"contacts-advertising"},{"name":"contacts_offers","menu":"contactsoffers","url":"contacts-offers"}]},"answers":{"type":"rolled","nameItem":"answers","icon":"icon-help-1","name":"answers","items":[{"name":"list","menu":"answerslist","url":"answers"},{"name":"add","menu":"answersadd","url":"answers-add"}]},"payment":{"type":"rolled","nameItem":"payment","icon":"icon-money-2","name":"admin_pay","items":[{"name":"admin_qiwi","menu":"payqiwi","url":"admin-qiwi"},{"name":"admin_yandex_noney","menu":"payyandex","url":"admin-yandex"},{"name":"admin_webmoney","menu":"paywebmoney","url":"admin-webmoney"},{"name":"admin_paypal","menu":"paypaypal","url":"admin-paypal"}]},"settings":{"type":"rolled","nameItem":"settings","icon":"icon-cog-alt","name":"settings","items":[{"name":"settings_main","menu":"settingsmain","url":"settings-main"},{"name":"settings_pages","menu":"settingspages","url":"settings-pages"},{"name":"settings_buttons","menu":"settingsbuttons","url":"settings-buttons"}]}}